{"friends":null,"profiles":{"b11442ab-783a-49f1-a2eb-14a57305b0a5":{"is_public":true,"macros":null,"modules":{"AimAssist":{"bind":0,"checks":{"Aim while on target":true,"Click Aim":true,"Invisibles":false,"Teams":false,"Through walls":false,"Vertical":false},"components":{"Item whitelist\n":{"enabled":false,"strings":["swords","axes"]}},"sliders":{"Horizontal Speed":36,"Max Angle":100,"Range":553,"Vertical Speed":50}},"AutoClicker":{"bind":0,"checks":{"Blockhit":true,"Break blocks":true,"Extra randomization":true,"Inventory fill":false,"Left Click":true,"Right Click":true},"components":{"Blockhit modeBlockhit\n":{"selected":"Manual"},"Item whitelistLeft Click\n":{"enabled":false,"strings":["swords","axes"]},"Item whitelistRight Click\n":{"enabled":true,"strings":["blocks"]}},"sliders":{"Left CPS":5750,"Left CPSmax":18170,"Right CPS":8309,"Right CPSmax":20000}},"ChestSteal":{"bind":0,"checks":{"Check in menu":false,"Keep open":false,"Shuffle":false},"components":{"Blacklisted items\n":{"enabled":false,"strings":[]}},"sliders":{"Delay":150000,"Delaymax":200000}},"ESP":{"bind":0,"checks":{"Animals":false,"Invisibles":false,"Mobs":false,"Players":true},"components":{"Animals ColorAnimals\n":{"h":200,"rainbow":false,"s":1,"v":1},"Mobs ColorMobs\n":{"h":100,"rainbow":false,"s":1,"v":1},"Mode\n":{"selected":"2D Internal"},"Players ColorPlayers\n":{"h":159,"rainbow":false,"s":1,"v":1}},"sliders":null},"Friends":{"bind":0,"checks":null,"components":null,"sliders":null},"Fullbright":{"bind":0,"checks":{"Fade":true},"components":null,"sliders":null},"Hide":{"bind":45,"checks":{"Enable Hide":true},"components":null,"sliders":null},"Home":{"bind":0,"checks":null,"components":null,"sliders":null},"In-Game GUI":{"bind":0,"checks":{"Enable In-Game GUI":false},"components":null,"sliders":null},"Macros":{"bind":0,"checks":null,"components":null,"sliders":null},"Nametags":{"bind":0,"checks":{"Absorbtion":false,"Animals":false,"Distance":false,"Equipment":false,"Health":false,"Invisibles":false,"Mobs":false,"Overlay mode":false,"Players":true},"components":{"DisplayHealth\n":{"selected":"Text"}},"sliders":{"Scale":100}},"Options":{"bind":0,"checks":{"Chroma Text GUI":false,"Middleclick friends":false,"Show tooltips":true,"Temp Disable":false,"Text GUI":false},"components":{"ModeText GUI\n":{"selected":"External"}},"sliders":null},"Profiles":{"bind":0,"checks":null,"components":null,"sliders":null},"Reach":{"bind":0,"checks":{"Combo mode":true,"Disadvantage mode":false,"Misplace":false,"Only while sprinting":true},"components":null,"sliders":{"Reach":3010,"Reachmax":3689}},"Refill":{"bind":0,"checks":null,"components":{"Mode\n":{"selected":"Horizontal"},"Type\n":{"selected":"Both"}},"sliders":{"Delay":100}},"Scaffold":{"bind":0,"checks":null,"components":null,"sliders":{"Sneak Delay":62500,"Sneak Delaymax":240379}},"Search":{"bind":0,"checks":{"Only caves":false,"Overlay mode":false},"components":null,"sliders":{"Range":50}},"Search Blocks":{"bind":0,"checks":null,"components":null,"sliders":null},"Self Destruct":{"bind":0,"checks":{"Self Destruct bind":false},"components":null,"sliders":null},"Sprint":{"bind":0,"checks":null,"components":null,"sliders":null},"Sync settings":{"bind":0,"checks":null,"components":null,"sliders":null},"Throwpot":{"bind":0,"checks":{"Random":false,"Scroll":false},"components":{"Mode\n":{"selected":"Dynamic"},"Type\n":{"selected":"Both"}},"sliders":{"Delay":100,"Scroll Delay":25}},"Tracers":{"bind":0,"checks":{"Animals":false,"Highlight if focusing":false,"Invisibles":true,"Mobs":false,"Players":true},"components":{"Animals ColorAnimals\n":{"h":200,"rainbow":false,"s":1,"v":1},"Mobs ColorMobs\n":{"h":100,"rainbow":false,"s":1,"v":1},"Players ColorPlayers\n":{"h":0.0,"rainbow":false,"s":1,"v":1}},"sliders":null},"Velocity":{"bind":0,"checks":{"Kite mode":false,"Only while targeting":false},"components":null,"sliders":{"Chance":90,"Horizontal":90,"Kite horizontal":120,"Kite vertical":120,"Vertical":100}},"WTap":{"bind":0,"checks":null,"components":null,"sliders":{"Delay":100,"Range":350}},"favorites":["Nametags","Search","Refill","Throwpot","Velocity","Reach","AimAssist","AutoClicker"]},"name":"thing","search":null,"tgx":4,"tgy":4,"updated":1647591818250,"uuid":"b11442ab-783a-49f1-a2eb-14a57305b0a5"}},"selecteduuid":"b11442ab-783a-49f1-a2eb-14a57305b0a5"}